ID,Institution,sex,years,pubs,outcome
122,3,1,5,0,2
1,3,1,6,0,1
191,3,2,6,0,1
194,2,2,6,0,1
4,3,1,7,0,1
6,2,1,7,0,1
7,3,1,7,0,1
9,2,1,7,0,1
10,2,1,7,0,1
11,2,1,7,0,1
199,3,2,7,0,1
200,3,2,7,0,1
201,3,2,7,0,1
202,3,2,7,0,1
207,3,2,7,0,1
209,3,2,7,0,1
210,3,2,7,0,1
211,2,2,7,0,1
14,2,1,8,0,1
15,2,1,8,0,1
18,1,1,8,0,1
214,1,2,8,0,1
215,2,2,8,0,1
221,2,2,8,0,1
225,2,2,8,0,1
235,3,2,9,0,1
237,3,2,9,0,1
240,3,2,9,0,1
28,3,1,10,0,1
242,3,2,10,0,1
248,3,2,10,0,1
264,2,2,10,0,1
100,2,1,4,1,2
113,2,1,4,1,2
357,3,2,4,1,2
364,3,2,4,1,2
375,3,2,4,1,2
400,3,2,4,1,2
125,2,1,5,1,2
189,2,2,6,1,1
192,3,2,6,1,1
193,3,2,6,1,1
196,3,2,6,1,1
3,3,1,7,1,1
8,3,1,7,1,1
197,2,2,7,1,1
203,2,2,7,1,1
204,2,2,7,1,1
13,3,1,8,1,1
16,2,1,8,1,1
21,3,1,8,1,1
216,2,2,8,1,1
223,3,2,8,1,1
26,2,1,9,1,1
230,3,2,9,1,1
232,2,2,9,1,1
238,3,2,9,1,1
30,2,1,10,1,1
243,1,2,10,1,1
247,2,2,10,1,1
249,3,2,10,1,1
250,3,2,10,1,1
256,2,2,10,1,1
257,3,2,10,1,1
258,2,2,10,1,1
99,1,1,4,2,2
119,2,1,4,2,2
120,1,1,4,2,2
351,2,2,4,2,2
361,3,2,4,2,2
373,3,2,4,2,2
378,3,2,4,2,2
383,3,2,4,2,2
399,2,2,4,2,2
130,3,1,5,2,2
131,2,1,5,2,2
137,1,1,5,2,2
142,1,1,5,2,2
146,1,1,5,2,2
409,2,2,5,2,2
419,2,2,5,2,2
424,3,2,5,2,2
435,2,2,5,2,2
165,3,1,6,2,2
190,2,2,6,2,1
440,1,2,6,2,2
464,2,2,6,2,2
5,3,1,7,2,1
172,1,1,7,2,2
206,2,2,7,2,1
208,3,2,7,2,1
17,2,1,8,2,1
20,1,1,8,2,1
213,2,2,8,2,1
224,3,2,8,2,1
228,3,2,9,2,1
231,3,2,9,2,1
233,2,2,9,2,1
234,3,2,9,2,1
236,2,2,9,2,1
29,3,1,10,2,1
245,2,2,10,2,1
251,3,2,10,2,1
253,2,2,10,2,1
254,3,2,10,2,1
255,3,2,10,2,1
260,2,2,10,2,1
261,3,2,10,2,1
263,2,2,10,2,1
31,2,1,11,2,1
33,2,1,11,2,1
267,3,2,11,2,1
269,2,2,11,2,1
270,2,2,12,2,1
39,1,1,4,3,3
101,1,1,4,3,2
102,1,1,4,3,2
103,2,1,4,3,2
105,3,1,4,3,2
110,3,1,4,3,2
116,3,1,4,3,2
352,3,2,4,3,2
356,2,2,4,3,2
359,2,2,4,3,2
362,2,2,4,3,2
363,1,2,4,3,2
370,2,2,4,3,2
380,2,2,4,3,2
381,3,2,4,3,2
388,2,2,4,3,2
389,3,2,4,3,2
391,2,2,4,3,2
392,3,2,4,3,2
393,3,2,4,3,2
401,3,2,4,3,2
128,2,1,5,3,2
138,2,1,5,3,2
144,2,1,5,3,2
402,2,2,5,3,2
403,2,2,5,3,2
411,3,2,5,3,2
412,2,2,5,3,2
414,3,2,5,3,2
425,2,2,5,3,2
427,3,2,5,3,2
434,2,2,5,3,2
436,1,2,5,3,2
439,2,2,5,3,2
2,1,1,6,3,1
151,2,1,6,3,2
156,3,1,6,3,2
160,3,1,6,3,2
168,3,1,6,3,2
195,2,2,6,3,1
443,1,2,6,3,2
449,1,2,6,3,2
465,1,2,6,3,2
12,2,1,7,3,1
170,2,1,7,3,2
198,3,2,7,3,1
212,3,2,7,3,1
469,3,2,7,3,2
474,3,2,7,3,2
475,2,2,7,3,2
476,2,2,7,3,2
481,2,2,7,3,2
19,2,1,8,3,1
217,3,2,8,3,1
219,2,2,8,3,1
220,1,2,8,3,1
226,2,2,8,3,1
489,1,2,8,3,2
23,2,1,9,3,1
25,3,1,9,3,1
227,3,2,9,3,1
239,2,2,9,3,1
27,2,1,10,3,1
244,2,2,10,3,1
252,2,2,10,3,1
259,2,2,10,3,1
262,1,2,10,3,1
32,1,1,11,3,1
265,1,2,11,3,1
272,2,2,12,3,1
273,2,2,13,3,1
62,3,1,4,4,3
67,3,1,4,4,3
97,3,1,4,4,2
98,3,1,4,4,2
106,2,1,4,4,2
107,2,1,4,4,2
109,3,1,4,4,2
114,2,1,4,4,2
117,3,1,4,4,2
287,2,2,4,4,3
291,3,2,4,4,3
298,3,2,4,4,3
303,3,2,4,4,3
349,3,2,4,4,2
350,3,2,4,4,2
360,2,2,4,4,2
365,2,2,4,4,2
366,2,2,4,4,2
367,2,2,4,4,2
371,2,2,4,4,2
374,1,2,4,4,2
376,1,2,4,4,2
377,1,2,4,4,2
382,2,2,4,4,2
385,2,2,4,4,2
386,2,2,4,4,2
390,2,2,4,4,2
394,3,2,4,4,2
396,3,2,4,4,2
397,3,2,4,4,2
398,3,2,4,4,2
83,3,1,5,4,3
126,2,1,5,4,2
129,2,1,5,4,2
132,2,1,5,4,2
133,2,1,5,4,2
134,2,1,5,4,2
136,1,1,5,4,2
139,2,1,5,4,2
143,1,1,5,4,2
145,2,1,5,4,2
314,1,2,5,4,3
407,2,2,5,4,2
413,2,2,5,4,2
415,2,2,5,4,2
417,3,2,5,4,2
420,3,2,5,4,2
421,3,2,5,4,2
428,2,2,5,4,2
429,3,2,5,4,2
437,2,2,5,4,2
91,1,1,6,4,3
150,2,1,6,4,2
154,3,1,6,4,2
157,3,1,6,4,2
158,2,1,6,4,2
161,1,1,6,4,2
163,2,1,6,4,2
164,3,1,6,4,2
166,2,1,6,4,2
167,2,1,6,4,2
447,2,2,6,4,2
448,2,2,6,4,2
453,1,2,6,4,2
457,2,2,6,4,2
460,2,2,6,4,2
463,3,2,6,4,2
205,2,2,7,4,1
472,2,2,7,4,2
22,2,1,8,4,1
180,2,1,8,4,2
218,2,2,8,4,1
222,2,2,8,4,1
488,3,2,8,4,2
229,2,2,9,4,1
241,2,2,9,4,1
246,2,2,10,4,1
34,2,1,11,4,1
266,2,2,11,4,1
268,1,2,11,4,1
35,2,1,4,5,3
40,2,1,4,5,3
41,2,1,4,5,3
42,2,1,4,5,3
46,2,1,4,5,3
47,3,1,4,5,3
48,3,1,4,5,3
52,2,1,4,5,3
54,2,1,4,5,3
55,1,1,4,5,3
58,1,1,4,5,3
59,2,1,4,5,3
60,2,1,4,5,3
63,3,1,4,5,3
70,3,1,4,5,3
104,3,1,4,5,2
108,2,1,4,5,2
112,2,1,4,5,2
118,1,1,4,5,2
278,1,2,4,5,3
284,3,2,4,5,3
289,3,2,4,5,3
297,3,2,4,5,3
305,3,2,4,5,3
306,3,2,4,5,3
353,2,2,4,5,2
355,2,2,4,5,2
358,2,2,4,5,2
368,2,2,4,5,2
369,3,2,4,5,2
372,3,2,4,5,2
384,3,2,4,5,2
387,3,2,4,5,2
395,3,2,4,5,2
78,3,1,5,5,3
85,2,1,5,5,3
121,2,1,5,5,2
123,2,1,5,5,2
124,3,1,5,5,2
140,3,1,5,5,2
141,3,1,5,5,2
312,2,2,5,5,3
404,2,2,5,5,2
405,1,2,5,5,2
418,1,2,5,5,2
422,2,2,5,5,2
426,2,2,5,5,2
431,3,2,5,5,2
432,2,2,5,5,2
433,3,2,5,5,2
149,2,1,6,5,2
329,3,2,6,5,3
333,2,2,6,5,3
441,2,2,6,5,2
446,1,2,6,5,2
450,2,2,6,5,2
451,2,2,6,5,2
169,3,1,7,5,2
171,2,1,7,5,2
467,2,2,7,5,2
470,2,2,7,5,2
471,2,2,7,5,2
477,2,2,7,5,2
480,3,2,7,5,2
174,3,1,8,5,2
179,3,1,8,5,2
181,2,1,8,5,2
182,2,1,8,5,2
185,2,1,8,5,2
491,2,2,8,5,2
492,1,2,8,5,2
24,1,1,9,5,1
271,1,2,12,5,1
274,2,2,14,5,1
37,2,1,4,6,3
44,2,1,4,6,3
45,2,1,4,6,3
49,2,1,4,6,3
64,2,1,4,6,3
66,2,1,4,6,3
68,2,1,4,6,3
73,1,1,4,6,3
111,1,1,4,6,2
115,2,1,4,6,2
275,2,2,4,6,3
276,3,2,4,6,3
277,3,2,4,6,3
280,3,2,4,6,3
283,2,2,4,6,3
286,2,2,4,6,3
300,2,2,4,6,3
304,2,2,4,6,3
308,3,2,4,6,3
309,3,2,4,6,3
354,3,2,4,6,2
81,3,1,5,6,3
127,3,1,5,6,2
135,2,1,5,6,2
147,2,1,5,6,2
310,2,2,5,6,3
315,2,2,5,6,3
406,2,2,5,6,2
408,3,2,5,6,2
410,2,2,5,6,2
416,2,2,5,6,2
423,2,2,5,6,2
430,2,2,5,6,2
148,2,1,6,6,2
155,2,1,6,6,2
162,2,1,6,6,2
320,2,2,6,6,3
322,2,2,6,6,3
326,2,2,6,6,3
331,1,2,6,6,3
332,1,2,6,6,3
334,2,2,6,6,3
335,2,2,6,6,3
336,3,2,6,6,3
444,2,2,6,6,2
445,2,2,6,6,2
454,2,2,6,6,2
456,3,2,6,6,2
458,3,2,6,6,2
92,3,1,7,6,3
341,2,2,7,6,3
343,2,2,7,6,3
466,2,2,7,6,2
473,2,2,7,6,2
478,2,2,7,6,2
479,2,2,7,6,2
484,1,2,7,6,2
485,1,2,7,6,2
486,1,2,7,6,2
94,1,1,8,6,3
176,2,1,8,6,2
184,2,1,8,6,2
186,2,1,8,6,2
348,2,2,8,6,3
493,2,2,8,6,2
494,2,2,8,6,2
495,1,2,9,6,2
496,1,2,9,6,2
36,2,1,4,7,3
38,2,1,4,7,3
43,2,1,4,7,3
51,2,1,4,7,3
56,2,1,4,7,3
71,2,1,4,7,3
279,1,2,4,7,3
281,1,2,4,7,3
282,1,2,4,7,3
285,1,2,4,7,3
290,1,2,4,7,3
292,2,2,4,7,3
293,3,2,4,7,3
295,2,2,4,7,3
296,1,2,4,7,3
299,1,2,4,7,3
301,1,2,4,7,3
307,2,2,4,7,3
379,2,2,4,7,2
74,3,1,5,7,3
79,3,1,5,7,3
80,3,1,5,7,3
438,3,2,5,7,2
89,3,1,6,7,3
152,3,1,6,7,2
153,2,1,6,7,2
319,2,2,6,7,3
324,2,2,6,7,3
328,3,2,6,7,3
330,2,2,6,7,3
442,2,2,6,7,2
452,1,2,6,7,2
455,1,2,6,7,2
459,1,2,6,7,2
461,1,2,6,7,2
462,2,2,6,7,2
93,2,1,7,7,3
173,2,1,7,7,2
339,1,2,7,7,3
342,1,2,7,7,3
468,2,2,7,7,2
482,2,2,7,7,2
483,2,2,7,7,2
175,1,1,8,7,2
177,1,1,8,7,2
178,1,1,8,7,2
183,1,1,8,7,2
487,2,2,8,7,2
96,3,1,9,7,3
497,2,2,9,7,2
498,2,2,9,7,2
499,2,2,9,7,2
61,3,1,4,8,3
65,2,1,4,8,3
72,2,1,4,8,3
288,1,2,4,8,3
294,1,2,4,8,3
302,1,2,4,8,3
76,1,1,5,8,3
77,1,1,5,8,3
82,1,1,5,8,3
84,2,1,5,8,3
86,2,1,5,8,3
311,2,2,5,8,3
316,3,2,5,8,3
317,3,2,5,8,3
318,2,2,5,8,3
87,1,1,6,8,3
88,1,1,6,8,3
159,2,1,6,8,2
325,3,2,6,8,3
327,2,2,6,8,3
340,3,2,7,8,3
345,2,2,7,8,3
347,1,2,8,8,3
490,1,2,8,8,2
187,1,1,9,8,2
188,1,1,11,8,2
500,2,2,11,8,2
50,2,1,4,9,3
53,2,1,4,9,3
57,1,1,4,9,3
75,2,1,5,9,3
313,1,2,5,9,3
321,2,2,6,9,3
323,1,2,6,9,3
337,1,2,6,9,3
344,1,2,7,9,3
346,1,2,7,9,3
95,1,1,8,9,3
69,1,1,4,10,3
90,1,1,6,10,3
338,1,2,6,10,3
